    TIME     , PartNum     ,PartPosX     ,PartPosY     ,PartPosZ     ,PartVelX     ,PartVelY     ,PartVelZ
     0.40000000000000E+02,           1,     0.35355486160243E+00,     0.23427124744384E+00,     0.99999999998610E-02,    -0.10403769177492E-04,    -0.69999999992269E+00,    -0.71342977635432E-14,           2
